iterations,success_simulated,success_theoretical
1,0.7900390625,0.7812499999999999
2,0.949462890625,0.9453125000000001
3,0.324462890625,0.330078125
4,0.013671875,0.012207031249999894
5,0.544921875,0.5479736328124998
6,0.999755859375,0.9997863769531249
7,0.583740234375,0.5769729614257815
8,0.01904296875,0.01945686340332051
