noise_level,success_prob
0.0,0.94775390625
0.005,0.8427734375
0.01,0.750244140625
0.02,0.59716796875
0.03,0.4921875
0.04,0.389892578125
0.05,0.33349609375
0.06,0.279052734375
0.07,0.24755859375
0.08,0.204833984375
0.09,0.190185546875
0.1,0.16650390625
