n_qubits,success_ideal,success_noisy
2,1.0,0.87548828125
3,0.9423828125,0.59814453125
