n_qubits,success_ideal,success_noisy
2,1.0,0.8896484375
3,0.953125,0.58251953125
4,0.002685546875,0.0615234375
5,0.999755859375,0.030029296875
